id,gender,title,first,last,street,city,state,postcode,email,username,password,salt,md5,sha1,sha256,dob,registered,phone,cell,name,idvalue,picturelarge,picturemedium,picturethumbnail,nat
1,female,miss,rosa,olsen,8756 nørrevej,tisvilde,nordjylland,55300,rosa.olsen@example.com,yellowostrich217,warthog,DIo487ay,aed96c1c23ff5d1ce68174141c7a1091,a019436338a215b1204f2fbaea269ac8c97252aa,a686648c64600c54051a43ba322bd8c95addb432b25143ee508c7785e3af31ac,1990-07-06 16:54:01,2006-10-06 06:52:32,54954693,61306218,CPR,825925-4892,https://randomuser.me/api/portraits/women/90.jpg,https://randomuser.me/api/portraits/med/women/90.jpg,https://randomuser.me/api/portraits/thumb/women/90.jpg,DK
2,female,ms,aubrey,andersen,4103 charles st,odessa,alberta,53273,aubrey.andersen@example.com,crazymeercat201,freedom1,AIwEtgOZ,44302621456f0479b419af46415e7e02,1ef1de280b34107f569ae375391ce1f5f241e380,9a17b6902a3802272d16a44f42068b4a682b222519c266bc644a50c0788b1783,1979-02-19 14:09:51,2004-03-30 13:08:22,964-058-1857,955-936-8788,,,https://randomuser.me/api/portraits/women/4.jpg,https://randomuser.me/api/portraits/med/women/4.jpg,https://randomuser.me/api/portraits/thumb/women/4.jpg,CA
3,male,mr,adrian,day,3024 patrick street,ballina,kilkenny,40155,adrian.day@example.com,tinypeacock103,apple123,PXhIB5va,4c5b02d434bee3a87670d3ab0fb46240,bd74106eaba5383f2ead39616ff2e29689468c62,0d96ad6b967ae49b7ee1c06f934294fa64e40b4a418399c1bf356475af8cc735,1951-01-28 20:45:09,2008-11-11 14:45:26,041-915-5098,081-869-7990,PPS,2103650T,https://randomuser.me/api/portraits/men/49.jpg,https://randomuser.me/api/portraits/med/men/49.jpg,https://randomuser.me/api/portraits/thumb/men/49.jpg,IE
4,female,madame,kiara,nguyen,3605 place de l'europe,lutry,uri,9683,kiara.nguyen@example.com,orangesnake252,time,vESipcmE,f3bd16c42db4a01e91dbba72d09ea3d5,ed862e79a53eb6471d1c65a6d6caa1bc3f98f6f6,7806e406ec70360dea938308b0d9f9dd8bb35fe9953897199f5767e7a285c288,1990-03-23 09:51:12,2014-05-22 05:48:18,(946)-732-5372,(844)-880-2239,AVS,756.DBLF.BDIG.62,https://randomuser.me/api/portraits/women/81.jpg,https://randomuser.me/api/portraits/med/women/81.jpg,https://randomuser.me/api/portraits/thumb/women/81.jpg,CH
6,male,mr,maël,lefebvre,9612 rue abel-gance,paris,ain,76178,maël.lefebvre@example.com,tinymouse793,saratoga,CZdgDw3M,a09170cb52843a972e0c4f29b86c7785,b7097c925fb0720d0ce62f300de8787f655aafc7,3fe593b335dd36b97ea0930d25dfc1d36fc4c415d8642fcd689f566a5ba2a097,1987-01-18 13:37:09,2007-01-08 00:46:43,05-04-23-19-87,06-14-93-83-28,INSEE,187013577395 50,https://randomuser.me/api/portraits/men/39.jpg,https://randomuser.me/api/portraits/med/men/39.jpg,https://randomuser.me/api/portraits/thumb/men/39.jpg,FR
7,male,mr,matias,leino,2697 pirkankatu,halsua,pirkanmaa,43870,matias.leino@example.com,organicfish195,franklin,9QqagbCA,8e91fdc6e0e899c271b5aa3cc7fc3f1d,e6c46ffffa650e01bcfd04438593a6ca76c48c34,9c5fcf08f83e044ea12832e3b5ff526e7ff850458aaed0cb807068ffc99904df,1949-10-22 21:59:39,2008-07-04 14:24:53,05-496-733,042-766-16-98,HETU,1549-719X,https://randomuser.me/api/portraits/men/82.jpg,https://randomuser.me/api/portraits/med/men/82.jpg,https://randomuser.me/api/portraits/thumb/men/82.jpg,FI
8,male,mr,isaac,carpentier,5023 avenue du château,colombes,gironde,23351,isaac.carpentier@example.com,blackduck868,puck,puWcvDk2,54000383ee197a3121b4362ef12654ce,7f103bb43ff678901a6badfee29bf2ecae4a1aec,54c7ee40beb5ed5cc2a469318280b46512166e648f2f7742f555fe208fa2e9bd,1994-07-03 23:12:55,2006-10-18 12:33:58,03-42-83-57-17,06-36-60-51-32,INSEE,194688182082 65,https://randomuser.me/api/portraits/men/22.jpg,https://randomuser.me/api/portraits/med/men/22.jpg,https://randomuser.me/api/portraits/thumb/men/22.jpg,FR
9,female,miss,kiymet,warnier,9065 geertekerkhof,westerveld,drenthe,42508,kiymet.warnier@example.com,smallbear411,money1,0DaHyrBK,9fcdef90b3a14d58f834f9991abfc3dc,dbae4688aa669a4aa8854fc11353b2939a7045aa,ecd9072a37244e1e1e3ccebb7968f6e95b5d372fd49035044c69e1cc541abb5a,1985-05-15 08:03:01,2015-04-29 13:41:01,(312)-097-6810,(765)-656-5436,BSN,65155090,https://randomuser.me/api/portraits/women/62.jpg,https://randomuser.me/api/portraits/med/women/62.jpg,https://randomuser.me/api/portraits/thumb/women/62.jpg,NL
10,female,mrs,lillie,pierce,2673 samaritan dr,brownsville,arizona,91594,lillie.pierce@example.com,whitegorilla584,qqqqqqq,3ZvPpa6F,f076941e7eaaeb74fe770204c0e1b0d0,6413e01426f72dd2b6d480bd4534449ee5724084,7c0444716b9117b1c0ff71c4d2e86dc0cb953c927b6e7d59bafdc40f38e5e666,1959-07-27 11:46:45,2003-11-17 07:06:44,(189)-639-1947,(506)-464-9198,SSN,485-74-1326,https://randomuser.me/api/portraits/women/32.jpg,https://randomuser.me/api/portraits/med/women/32.jpg,https://randomuser.me/api/portraits/thumb/women/32.jpg,US

